{
	"0-4": 0.05940594059,
	"5-11": 0.06534653465,
	"12-18": 0.0900990099,
	"19-34": 0.1514851485,
	"35-49": 0.1782178218,
	"50-64": 0.2178217822,
	"65-74": 0.1237623762,
	"75-89": 0.1011881188,
	"90+": 0.01267326733
}